state,year_range,sex,rank,cause_of_death,deaths,deaths_percent,crude_rate_per_100000,age_standardised_rate_per_100000
New South Wales,2019-2023,Males,1,Coronary heart disease (I20-I25),16618,11.1,82,67.3
New South Wales,2019-2023,Males,2,"Dementia including Alzheimer's disease (F01, F03, G30)",9532,6.4,47,37.9
New South Wales,2019-2023,Males,3,"Lung cancer (C33, C34)",8080,5.4,39.9,32.4
New South Wales,2019-2023,Males,4,Cerebrovascular disease (I60-I69),7320,4.9,36.1,29.5
New South Wales,2019-2023,Males,5,Chronic obstructive pulmonary disease (COPD) (J40-J44),6297,4.2,31.1,25.1
New South Wales,2019-2023,Males,6,Prostate cancer (C61),5722,3.8,28.2,22.7
New South Wales,2019-2023,Males,7,Diabetes (E10-E14),5122,3.4,25.3,20.7
New South Wales,2019-2023,Males,8,"Colorectal cancer (C18-C20, C26.0)",4683,3.1,23.1,19.1
New South Wales,2019-2023,Males,9,"Suicide (X60-X84, Y87.0)",3488,2.3,17.2,16.9
New South Wales,2019-2023,Males,10,"Coronavirus disease 2019 (COVID-19) (U07.1, U07.2, U10.9)",3343,2.2,16.5,13.4
New South Wales,2019-2023,Males,11,"Cancer of unknown or ill-defined primary site (C26, C39, C76-C80 excl. C26.0)",3085,2.1,15.2,12.4
New South Wales,2019-2023,Males,12,Heart failure and complications and ill-defined heart disease (I50-I51),2968,2,14.6,11.9
New South Wales,2019-2023,Males,13,Pancreatic cancer (C25),2925,2,14.4,11.8
New South Wales,2019-2023,Males,14,Liver cancer (C22),2611,1.7,12.9,10.5
New South Wales,2019-2023,Males,15,Liver disease (K70-K76),2444,1.6,12.1,10.5
New South Wales,2019-2023,Males,16,Parkinson disease (G20),2425,1.6,12,9.7
New South Wales,2019-2023,Males,17,Kidney failure (N17-N19),2231,1.5,11,8.9
New South Wales,2019-2023,Males,18,"Other ill-defined causes (R00-R94, R96-R99, I46.9, I95.9, I99, J96.0, J96.9, P28.5)",2161,1.4,10.7,9.2
New South Wales,2019-2023,Males,19,Hypertensive disease (I10-I15),2102,1.4,10.4,8.4
New South Wales,2019-2023,Males,20,Leukaemia (C91-C95),2019,1.3,10,8.2
Victoria,2019-2023,Males,1,Coronary heart disease (I20-I25),12826,11.4,78.2,67.3
Victoria,2019-2023,Males,2,"Dementia including Alzheimer's disease (F01, F03, G30)",6456,5.7,39.4,33.3
Victoria,2019-2023,Males,3,"Lung cancer (C33, C34)",6105,5.4,37.2,31.9
Victoria,2019-2023,Males,4,Cerebrovascular disease (I60-I69),4856,4.3,29.6,25.4
Victoria,2019-2023,Males,5,Prostate cancer (C61),4677,4.2,28.5,24.2
Victoria,2019-2023,Males,6,Chronic obstructive pulmonary disease (COPD) (J40-J44),4367,3.9,26.6,22.7
Victoria,2019-2023,Males,7,Diabetes (E10-E14),3612,3.2,22,18.9
Victoria,2019-2023,Males,8,"Colorectal cancer (C18-C20, C26.0)",3555,3.2,21.7,18.8
Victoria,2019-2023,Males,9,Accidental falls (W00-W19),3490,3.1,21.3,18.1
Victoria,2019-2023,Males,10,"Coronavirus disease 2019 (COVID-19) (U07.1, U07.2, U10.9)",2979,2.6,18.2,15.5
Victoria,2019-2023,Males,11,"Suicide (X60-X84, Y87.0)",2706,2.4,16.5,16.2
Victoria,2019-2023,Males,12,Heart failure and complications and ill-defined heart disease (I50-I51),2654,2.4,16.2,13.8
Victoria,2019-2023,Males,13,Pancreatic cancer (C25),2248,2,13.7,11.8
Victoria,2019-2023,Males,14,Kidney failure (N17-N19),2204,2,13.4,11.4
Victoria,2019-2023,Males,15,"Other ill-defined causes (R00-R94, R96-R99, I46.9, I95.9, I99, J96.0, J96.9, P28.5)",1972,1.8,12,10.6
Victoria,2019-2023,Males,16,Liver cancer (C22),1914,1.7,11.7,10
Victoria,2019-2023,Males,17,Influenza and pneumonia (J09-J18),1892,1.7,11.5,9.8
Victoria,2019-2023,Males,18,"Cancer of unknown or ill-defined primary site (C26, C39, C76-C80 excl. C26.0)",1797,1.6,11,9.4
Victoria,2019-2023,Males,19,Liver disease (K70-K76),1795,1.6,10.9,10
Victoria,2019-2023,Males,20,Parkinson disease (G20),1672,1.5,10.2,8.7
Queensland,2019-2023,Males,1,Coronary heart disease (I20-I25),11107,12,85.4,75
Queensland,2019-2023,Males,2,"Dementia including Alzheimer's disease (F01, F03, G30)",5976,6.5,46,41.6
Queensland,2019-2023,Males,3,"Lung cancer (C33, C34)",5542,6,42.6,35.7
Queensland,2019-2023,Males,4,Cerebrovascular disease (I60-I69),4319,4.7,33.2,29.4
Queensland,2019-2023,Males,5,Prostate cancer (C61),4104,4.4,31.6,27.5
Queensland,2019-2023,Males,6,Chronic obstructive pulmonary disease (COPD) (J40-J44),4031,4.4,31,26.5
Queensland,2019-2023,Males,7,"Colorectal cancer (C18-C20, C26.0)",3024,3.3,23.3,20.2
Queensland,2019-2023,Males,8,Diabetes (E10-E14),3014,3.3,23.2,20
Queensland,2019-2023,Males,9,"Suicide (X60-X84, Y87.0)",2993,3.2,23,23.1
Queensland,2019-2023,Males,10,"Cancer of unknown or ill-defined primary site (C26, C39, C76-C80 excl. C26.0)",1846,2,14.2,12.2
Queensland,2019-2023,Males,11,Pancreatic cancer (C25),1745,1.9,13.4,11.3
Queensland,2019-2023,Males,12,Parkinson disease (G20),1560,1.7,12,10.6
Queensland,2019-2023,Males,13,Liver disease (K70-K76),1556,1.7,12,10.5
Queensland,2019-2023,Males,14,Liver cancer (C22),1436,1.6,11,9.2
Queensland,2019-2023,Males,15,"Coronavirus disease 2019 (COVID-19) (U07.1, U07.2, U10.9)",1368,1.5,10.5,9.4
Queensland,2019-2023,Males,16,Accidental falls (W00-W19),1310,1.4,10.1,9
Queensland,2019-2023,Males,17,Leukaemia (C91-C95),1307,1.4,10,8.7
Queensland,2019-2023,Males,18,"Land transport accidents (V01-V89, Y85)",1220,1.3,9.4,9.3
Queensland,2019-2023,Males,19,Melanoma of the skin (C43),1170,1.3,9,7.8
Queensland,2019-2023,Males,20,Influenza and pneumonia (J09-J18),1105,1.2,8.5,7.7
Western Australia,2019-2023,Males,1,Coronary heart disease (I20-I25),5355,12.5,77.5,70.6
Western Australia,2019-2023,Males,2,"Dementia including Alzheimer's disease (F01, F03, G30)",2716,6.3,39.3,36.9
Western Australia,2019-2023,Males,3,"Lung cancer (C33, C34)",2290,5.3,33.1,29.3
Western Australia,2019-2023,Males,4,Cerebrovascular disease (I60-I69),1764,4.1,25.5,23.6
Western Australia,2019-2023,Males,5,Chronic obstructive pulmonary disease (COPD) (J40-J44),1748,4.1,25.3,23
Western Australia,2019-2023,Males,6,Prostate cancer (C61),1550,3.6,22.4,20.5
Western Australia,2019-2023,Males,7,"Suicide (X60-X84, Y87.0)",1484,3.5,21.5,21.4
Western Australia,2019-2023,Males,8,Diabetes (E10-E14),1348,3.1,19.5,17.8
Western Australia,2019-2023,Males,9,Accidental falls (W00-W19),1331,3.1,19.3,18
Western Australia,2019-2023,Males,10,"Colorectal cancer (C18-C20, C26.0)",1181,2.8,17.1,15.4
Western Australia,2019-2023,Males,11,Pancreatic cancer (C25),872,2,12.6,11.2
Western Australia,2019-2023,Males,12,Accidental poisoning (X40-X49),805,1.9,11.7,11.7
Western Australia,2019-2023,Males,13,"Land transport accidents (V01-V89, Y85)",708,1.6,10.2,10.2
Western Australia,2019-2023,Males,14,Parkinson disease (G20),687,1.6,9.9,9.3
Western Australia,2019-2023,Males,15,Liver disease (K70-K76),672,1.6,9.7,8.8
Western Australia,2019-2023,Males,16,"Cancer of unknown or ill-defined primary site (C26, C39, C76-C80 excl. C26.0)",671,1.6,9.7,8.7
Western Australia,2019-2023,Males,17,Liver cancer (C22),641,1.5,9.3,8.1
Western Australia,2019-2023,Males,18,Heart failure and complications and ill-defined heart disease (I50-I51),601,1.4,8.7,8.2
Western Australia,2019-2023,Males,19,Leukaemia (C91-C95),591,1.4,8.6,7.8
Western Australia,2019-2023,Males,20,Kidney failure (N17-N19),575,1.3,8.3,7.7
South Australia,2019-2023,Males,1,Coronary heart disease (I20-I25),4453,11.9,99.7,72.5
South Australia,2019-2023,Males,2,"Dementia including Alzheimer's disease (F01, F03, G30)",2793,7.5,62.6,43.5
South Australia,2019-2023,Males,3,"Lung cancer (C33, C34)",2034,5.4,45.6,33.3
South Australia,2019-2023,Males,4,Chronic obstructive pulmonary disease (COPD) (J40-J44),1638,4.4,36.7,26.3
South Australia,2019-2023,Males,5,Cerebrovascular disease (I60-I69),1505,4,33.7,24.2
South Australia,2019-2023,Males,6,Prostate cancer (C61),1467,3.9,32.9,23.1
South Australia,2019-2023,Males,7,Diabetes (E10-E14),1203,3.2,26.9,19.6
South Australia,2019-2023,Males,8,"Other ill-defined causes (R00-R94, R96-R99, I46.9, I95.9, I99, J96.0, J96.9, P28.5)",1186,3.2,26.6,20.4
South Australia,2019-2023,Males,9,"Colorectal cancer (C18-C20, C26.0)",1097,2.9,24.6,18.2
South Australia,2019-2023,Males,10,Accidental falls (W00-W19),910,2.4,20.4,14.5
South Australia,2019-2023,Males,11,"Suicide (X60-X84, Y87.0)",904,2.4,20.2,19.9
South Australia,2019-2023,Males,12,Pancreatic cancer (C25),774,2.1,17.3,12.8
South Australia,2019-2023,Males,13,"Cancer of unknown or ill-defined primary site (C26, C39, C76-C80 excl. C26.0)",681,1.8,15.3,11
South Australia,2019-2023,Males,14,Heart failure and complications and ill-defined heart disease (I50-I51),649,1.7,14.5,10.4
South Australia,2019-2023,Males,15,"Coronavirus disease 2019 (COVID-19) (U07.1, U07.2, U10.9)",635,1.7,14.2,10.1
South Australia,2019-2023,Males,16,Liver disease (K70-K76),605,1.6,13.5,11.1
South Australia,2019-2023,Males,17,Influenza and pneumonia (J09-J18),571,1.5,12.8,9
South Australia,2019-2023,Males,18,Liver cancer (C22),541,1.4,12.1,8.9
South Australia,2019-2023,Males,19,Parkinson disease (G20),533,1.4,11.9,8.4
South Australia,2019-2023,Males,20,Kidney failure (N17-N19),511,1.4,11.4,8.1
Tasmania,2019-2023,Males,1,Coronary heart disease (I20-I25),1643,13.1,117.7,84.8
Tasmania,2019-2023,Males,2,"Dementia including Alzheimer's disease (F01, F03, G30)",707,5.6,50.7,36.4
Tasmania,2019-2023,Males,3,"Lung cancer (C33, C34)",688,5.5,49.3,34.4
Tasmania,2019-2023,Males,4,Chronic obstructive pulmonary disease (COPD) (J40-J44),679,5.4,48.6,33.8
Tasmania,2019-2023,Males,5,Cerebrovascular disease (I60-I69),605,4.8,43.3,31.3
Tasmania,2019-2023,Males,6,Prostate cancer (C61),516,4.1,37,25.6
Tasmania,2019-2023,Males,7,Diabetes (E10-E14),480,3.8,34.4,24.2
Tasmania,2019-2023,Males,8,"Colorectal cancer (C18-C20, C26.0)",373,3,26.7,19.6
Tasmania,2019-2023,Males,9,"Suicide (X60-X84, Y87.0)",334,2.7,23.9,23.4
Tasmania,2019-2023,Males,10,Accidental falls (W00-W19),288,2.3,20.6,15
Tasmania,2019-2023,Males,11,Pancreatic cancer (C25),266,2.1,19.1,13.2
Tasmania,2019-2023,Males,12,Liver disease (K70-K76),223,1.8,16,12.2
Tasmania,2019-2023,Males,13,"Cancer of unknown or ill-defined primary site (C26, C39, C76-C80 excl. C26.0)",217,1.7,15.5,10.7
Tasmania,2019-2023,Males,14,"Coronavirus disease 2019 (COVID-19) (U07.1, U07.2, U10.9)",182,1.5,13,9.5
Tasmania,2019-2023,Males,15,Parkinson disease (G20),179,1.4,12.8,9
Tasmania,2019-2023,Males,16,Oesophageal cancer (C15),173,1.4,12.4,8.5
Tasmania,2019-2023,Males,17,Hypertensive disease (I10-I15),162,1.3,11.6,8.4
Tasmania,2019-2023,Males,18,"Land transport accidents (V01-V89, Y85)",162,1.3,11.6,11.1
Tasmania,2019-2023,Males,19,Leukaemia (C91-C95),158,1.3,11.3,8
Tasmania,2019-2023,Males,20,Liver cancer (C22),153,1.2,11,7.6
Australian Capital Territory,2019-2023,Males,1,Coronary heart disease (I20-I25),607,10.5,54.5,58.1
Australian Capital Territory,2019-2023,Males,2,"Dementia including Alzheimer's disease (F01, F03, G30)",417,7.2,37.4,41.5
Australian Capital Territory,2019-2023,Males,3,"Lung cancer (C33, C34)",253,4.4,22.7,23.9
Australian Capital Territory,2019-2023,Males,4,Cerebrovascular disease (I60-I69),248,4.3,22.3,24.2
Australian Capital Territory,2019-2023,Males,5,Prostate cancer (C61),235,4.1,21.1,23
Australian Capital Territory,2019-2023,Males,6,Chronic obstructive pulmonary disease (COPD) (J40-J44),232,4,20.8,22.3
Australian Capital Territory,2019-2023,Males,7,"Suicide (X60-X84, Y87.0)",185,3.2,16.6,16.5
Australian Capital Territory,2019-2023,Males,8,Diabetes (E10-E14),180,3.1,16.2,17.4
Australian Capital Territory,2019-2023,Males,9,"Colorectal cancer (C18-C20, C26.0)",165,2.9,14.8,15.8
Australian Capital Territory,2019-2023,Males,10,Parkinson disease (G20),134,2.3,12,13.3
Australian Capital Territory,2019-2023,Males,11,"Coronavirus disease 2019 (COVID-19) (U07.1, U07.2, U10.9)",128,2.2,11.5,12.5
Australian Capital Territory,2019-2023,Males,12,Accidental falls (W00-W19),127,2.2,11.4,12.3
Australian Capital Territory,2019-2023,Males,13,Pancreatic cancer (C25),116,2,10.4,11
Australian Capital Territory,2019-2023,Males,14,Liver disease (K70-K76),104,1.8,9.3,9.8
Australian Capital Territory,2019-2023,Males,15,Accidental poisoning (X40-X49),98,1.7,8.8,8.8
Australian Capital Territory,2019-2023,Males,16,"Cancer of unknown or ill-defined primary site (C26, C39, C76-C80 excl. C26.0)",97,1.7,8.7,9.2
Australian Capital Territory,2019-2023,Males,17,Cardiac arrhythmias (I47-I49),86,1.5,7.7,8.5
Australian Capital Territory,2019-2023,Males,18,Liver cancer (C22),82,1.4,7.4,7.7
Australian Capital Territory,2019-2023,Males,19,Melanoma of the skin (C43),79,1.4,7.1,7.6
Australian Capital Territory,2019-2023,Males,20,Pulmonary oedema and other interstitial pulmonary diseases (J80-J84),78,1.3,7,7.6
Northern Territory,2019-2023,Males,1,Coronary heart disease (I20-I25),424,12,67,94.1
Northern Territory,2019-2023,Males,2,"Lung cancer (C33, C34)",228,6.4,36,50.6
Northern Territory,2019-2023,Males,3,Chronic obstructive pulmonary disease (COPD) (J40-J44),207,5.8,32.7,51
Northern Territory,2019-2023,Males,4,Diabetes (E10-E14),191,5.4,30.2,43.1
Northern Territory,2019-2023,Males,5,"Suicide (X60-X84, Y87.0)",164,4.6,25.9,26.6
Northern Territory,2019-2023,Males,6,"Dementia including Alzheimer's disease (F01, F03, G30)",129,3.6,20.4,50.9
Northern Territory,2019-2023,Males,7,"Land transport accidents (V01-V89, Y85)",129,3.6,20.4,19.3
Northern Territory,2019-2023,Males,8,Cerebrovascular disease (I60-I69),107,3,16.9,30.8
Northern Territory,2019-2023,Males,9,"Certain conditions originating in the perinatal period, congenital malformations, deformations and chromosomal abnormalities (P00-P96, Q00-Q99 excl. P28.5)",88,2.5,13.9,13.2
Northern Territory,2019-2023,Males,10,Liver cancer (C22),82,2.3,12.9,16.4
Northern Territory,2019-2023,Males,11,Prostate cancer (C61),76,2.1,12,23.7
Northern Territory,2019-2023,Males,12,"Colorectal cancer (C18-C20, C26.0)",74,2.1,11.7,17.5
Northern Territory,2019-2023,Males,13,Pancreatic cancer (C25),71,2,11.2,15.6
Northern Territory,2019-2023,Males,14,"Cancer of unknown or ill-defined primary site (C26, C39, C76-C80 excl. C26.0)",69,1.9,10.9,16.5
Northern Territory,2019-2023,Males,15,"Malignant neoplasms of lip, oral cavity and pharynx (C00-C14)",67,1.9,10.6,13.4
Northern Territory,2019-2023,Males,16,Liver disease (K70-K76),64,1.8,10.1,11.2
Northern Territory,2019-2023,Males,17,Kidney failure (N17-N19),49,1.4,7.7,12.5
Northern Territory,2019-2023,Males,18,Oesophageal cancer (C15),44,1.2,6.9,9.7
Northern Territory,2019-2023,Males,19,Influenza and pneumonia (J09-J18),43,1.2,6.8,10.3
Northern Territory,2019-2023,Males,20,Accidental falls (W00-W19),43,1.2,6.8,10.8
Other Territories,2019-2023,Males,1,Coronary heart disease (I20-I25),13,17.6,101,
Other Territories,2019-2023,Males,2,Prostate cancer (C61),8,10.8,62.2,
Other Territories,2019-2023,Males,3,"Lung cancer (C33, C34)",6,8.1,46.6,
Other Territories,2019-2023,Males,4,Kidney failure (N17-N19),5,6.8,38.8,
Other Territories,2019-2023,Males,5,Diabetes (E10-E14),3,4.1,23.3,
Other Territories,2019-2023,Males,6,"Dementia including Alzheimer's disease (F01, F03, G30)",3,4.1,23.3,
Other Territories,2019-2023,Males,7,Heart failure and complications and ill-defined heart disease (I50-I51),3,4.1,23.3,
Other Territories,2019-2023,Males,8,"Cancer of unknown or ill-defined primary site (C26, C39, C76-C80 excl. C26.0)",2,2.7,15.5,
Other Territories,2019-2023,Males,9,Malignant neoplasms of mesothelial and soft tissue (C45-C49),2,2.7,15.5,
Other Territories,2019-2023,Males,10,Hypertensive disease (I10-I15),2,2.7,15.5,
Other Territories,2019-2023,Males,11,Cardiac arrhythmias (I47-I49),2,2.7,15.5,
Other Territories,2019-2023,Males,12,Cerebrovascular disease (I60-I69),2,2.7,15.5,
Other Territories,2019-2023,Males,13,Septicaemia (A40-A41),1,1.4,7.8,
Other Territories,2019-2023,Males,14,Oesophageal cancer (C15),1,1.4,7.8,
Other Territories,2019-2023,Males,15,"Colorectal cancer (C18-C20, C26.0)",1,1.4,7.8,
Other Territories,2019-2023,Males,16,Liver cancer (C22),1,1.4,7.8,
Other Territories,2019-2023,Males,17,Melanoma of the skin (C43),1,1.4,7.8,
Other Territories,2019-2023,Males,18,"Malignant neoplasms of renal pelvis, bladder, other urinary organs (C65, C66, C68)",1,1.4,7.8,
Other Territories,2019-2023,Males,19,Brain cancer (C71),1,1.4,7.8,
Other Territories,2019-2023,Males,20,Leukaemia (C91-C95),1,1.4,7.8,
Australia (total),2019-2023,Males,1,Coronary heart disease (I20-I25),53046,11.6,82.6,70.2
Australia (total),2019-2023,Males,2,"Dementia including Alzheimer's disease (F01, F03, G30)",28729,6.3,44.8,37.9
Australia (total),2019-2023,Males,3,"Lung cancer (C33, C34)",25226,5.5,39.3,32.7
Australia (total),2019-2023,Males,4,Cerebrovascular disease (I60-I69),20726,4.5,32.3,27.4
Australia (total),2019-2023,Males,5,Chronic obstructive pulmonary disease (COPD) (J40-J44),19199,4.2,29.9,25
Australia (total),2019-2023,Males,6,Prostate cancer (C61),18355,4,28.6,23.9
Australia (total),2019-2023,Males,7,Diabetes (E10-E14),15153,3.3,23.6,20
Australia (total),2019-2023,Males,8,"Colorectal cancer (C18-C20, C26.0)",14153,3.1,22,18.7
Australia (total),2019-2023,Males,9,"Suicide (X60-X84, Y87.0)",12259,2.7,19.1,18.9
Australia (total),2019-2023,Males,10,Accidental falls (W00-W19),9504,2.1,14.8,12.6
Australia (total),2019-2023,Males,11,"Coronavirus disease 2019 (COVID-19) (U07.1, U07.2, U10.9)",9230,2,14.4,12.2
Australia (total),2019-2023,Males,12,Pancreatic cancer (C25),9017,2,14,11.8
Australia (total),2019-2023,Males,13,"Cancer of unknown or ill-defined primary site (C26, C39, C76-C80 excl. C26.0)",8465,1.9,13.2,11.1
Australia (total),2019-2023,Males,14,Heart failure and complications and ill-defined heart disease (I50-I51),8209,1.8,12.8,10.9
Australia (total),2019-2023,Males,15,Liver disease (K70-K76),7464,1.6,11.6,10.3
Australia (total),2019-2023,Males,16,Liver cancer (C22),7461,1.6,11.6,9.7
Australia (total),2019-2023,Males,17,Parkinson disease (G20),7212,1.6,11.2,9.5
Australia (total),2019-2023,Males,18,"Other ill-defined causes (R00-R94, R96-R99, I46.9, I95.9, I99, J96.0, J96.9, P28.5)",6691,1.5,10.4,9.2
Australia (total),2019-2023,Males,19,Kidney failure (N17-N19),6619,1.4,10.3,8.7
Australia (total),2019-2023,Males,20,Influenza and pneumonia (J09-J18),6348,1.4,9.9,8.4
New South Wales,2019-2023,Females,1,"Dementia including Alzheimer's disease (F01, F03, G30)",16844,12.2,82.2,46.6
New South Wales,2019-2023,Females,2,Coronary heart disease (I20-I25),11043,8,53.9,32.2
New South Wales,2019-2023,Females,3,Cerebrovascular disease (I60-I69),9658,7,47.1,28.6
New South Wales,2019-2023,Females,4,"Lung cancer (C33, C34)",5937,4.3,29,20.9
New South Wales,2019-2023,Females,5,Chronic obstructive pulmonary disease (COPD) (J40-J44),5750,4.2,28.1,18.8
New South Wales,2019-2023,Females,6,Breast cancer (C50),5197,3.8,25.4,18.8
New South Wales,2019-2023,Females,7,Diabetes (E10-E14),4126,3,20.1,13
New South Wales,2019-2023,Females,8,"Colorectal cancer (C18-C20, C26.0)",4091,3,20,13.7
New South Wales,2019-2023,Females,9,Heart failure and complications and ill-defined heart disease (I50-I51),3577,2.6,17.4,10.1
New South Wales,2019-2023,Females,10,Hypertensive disease (I10-I15),3118,2.3,15.2,8.9
New South Wales,2019-2023,Females,11,Cardiac arrhythmias (I47-I49),2793,2,13.6,7.8
New South Wales,2019-2023,Females,12,Pancreatic cancer (C25),2742,2,13.4,9.4
New South Wales,2019-2023,Females,13,"Coronavirus disease 2019 (COVID-19) (U07.1, U07.2, U10.9)",2619,1.9,12.8,7.9
New South Wales,2019-2023,Females,14,"Cancer of unknown or ill-defined primary site (C26, C39, C76-C80 excl. C26.0)",2477,1.8,12.1,8.1
New South Wales,2019-2023,Females,15,"Other ill-defined causes (R00-R94, R96-R99, I46.9, I95.9, I99, J96.0, J96.9, P28.5)",2471,1.8,12.1,7.6
New South Wales,2019-2023,Females,16,Kidney failure (N17-N19),2329,1.7,11.4,6.8
New South Wales,2019-2023,Females,17,Influenza and pneumonia (J09-J18),2211,1.6,10.8,6.3
New South Wales,2019-2023,Females,18,Accidental falls (W00-W19),1891,1.4,9.2,5.4
New South Wales,2019-2023,Females,19,Ovarian cancer (C56),1706,1.2,8.3,6.1
New South Wales,2019-2023,Females,20,Diseases of the musculoskeletal system and connective tissue (M00-M99),1664,1.2,8.1,5
Victoria,2019-2023,Females,1,"Dementia including Alzheimer's disease (F01, F03, G30)",11955,11.3,71.4,42.6
Victoria,2019-2023,Females,2,Coronary heart disease (I20-I25),8390,7.9,50.1,31.3
Victoria,2019-2023,Females,3,Cerebrovascular disease (I60-I69),6798,6.4,40.6,25.8
Victoria,2019-2023,Females,4,"Lung cancer (C33, C34)",4602,4.4,27.5,20.6
Victoria,2019-2023,Females,5,Breast cancer (C50),4070,3.9,24.3,18.8
Victoria,2019-2023,Females,6,Chronic obstructive pulmonary disease (COPD) (J40-J44),3874,3.7,23.1,16.1
Victoria,2019-2023,Females,7,Accidental falls (W00-W19),3573,3.4,21.3,13.1
Victoria,2019-2023,Females,8,Heart failure and complications and ill-defined heart disease (I50-I51),3300,3.1,19.7,11.8
Victoria,2019-2023,Females,9,"Colorectal cancer (C18-C20, C26.0)",3230,3.1,19.3,13.8
Victoria,2019-2023,Females,10,Diabetes (E10-E14),3173,3,18.9,12.4
Victoria,2019-2023,Females,11,"Coronavirus disease 2019 (COVID-19) (U07.1, U07.2, U10.9)",2650,2.5,15.8,10
Victoria,2019-2023,Females,12,Kidney failure (N17-N19),2387,2.3,14.3,8.7
Victoria,2019-2023,Females,13,Influenza and pneumonia (J09-J18),2209,2.1,13.2,8
Victoria,2019-2023,Females,14,Pancreatic cancer (C25),2111,2,12.6,9.2
Victoria,2019-2023,Females,15,"Other ill-defined causes (R00-R94, R96-R99, I46.9, I95.9, I99, J96.0, J96.9, P28.5)",2059,1.9,12.3,8.4
Victoria,2019-2023,Females,16,Cardiac arrhythmias (I47-I49),1938,1.8,11.6,6.8
Victoria,2019-2023,Females,17,"Cancer of unknown or ill-defined primary site (C26, C39, C76-C80 excl. C26.0)",1659,1.6,9.9,6.9
Victoria,2019-2023,Females,18,Hypertensive disease (I10-I15),1634,1.5,9.8,5.7
Victoria,2019-2023,Females,19,Ovarian cancer (C56),1316,1.2,7.9,6
Victoria,2019-2023,Females,20,Diseases of the musculoskeletal system and connective tissue (M00-M99),1232,1.2,7.4,4.8
Queensland,2019-2023,Females,1,"Dementia including Alzheimer's disease (F01, F03, G30)",9871,12.3,74.5,49.9
Queensland,2019-2023,Females,2,Coronary heart disease (I20-I25),7472,9.3,56.4,39.3
Queensland,2019-2023,Females,3,Cerebrovascular disease (I60-I69),5554,6.9,41.9,29.2
Queensland,2019-2023,Females,4,"Lung cancer (C33, C34)",4113,5.1,31.1,23.6
Queensland,2019-2023,Females,5,Chronic obstructive pulmonary disease (COPD) (J40-J44),3407,4.3,25.7,18.9
Queensland,2019-2023,Females,6,Breast cancer (C50),3070,3.8,23.2,18.3
Queensland,2019-2023,Females,7,"Colorectal cancer (C18-C20, C26.0)",2605,3.3,19.7,14.7
Queensland,2019-2023,Females,8,Diabetes (E10-E14),2185,2.7,16.5,12
Queensland,2019-2023,Females,9,Pancreatic cancer (C25),1554,1.9,11.7,8.8
Queensland,2019-2023,Females,10,Cardiac arrhythmias (I47-I49),1475,1.8,11.1,7.5
Queensland,2019-2023,Females,11,"Cancer of unknown or ill-defined primary site (C26, C39, C76-C80 excl. C26.0)",1472,1.8,11.1,8.2
Queensland,2019-2023,Females,12,Heart failure and complications and ill-defined heart disease (I50-I51),1364,1.7,10.3,6.9
Queensland,2019-2023,Females,13,Influenza and pneumonia (J09-J18),1281,1.6,9.7,6.7
Queensland,2019-2023,Females,14,Accidental falls (W00-W19),1222,1.5,9.2,6.4
Queensland,2019-2023,Females,15,Hypertensive disease (I10-I15),1193,1.5,9,6.1
Queensland,2019-2023,Females,16,"Coronavirus disease 2019 (COVID-19) (U07.1, U07.2, U10.9)",1036,1.3,7.8,5.5
Queensland,2019-2023,Females,17,Non-rheumatic valve disorders (I34-I38),1006,1.3,7.6,5.1
Queensland,2019-2023,Females,18,Ovarian cancer (C56),1004,1.3,7.6,5.8
Queensland,2019-2023,Females,19,"Suicide (X60-X84, Y87.0)",953,1.2,7.2,7.1
Queensland,2019-2023,Females,20,Liver disease (K70-K76),936,1.2,7.1,5.9
Western Australia,2019-2023,Females,1,"Dementia including Alzheimer's disease (F01, F03, G30)",4844,12.8,70.3,47.5
Western Australia,2019-2023,Females,2,Coronary heart disease (I20-I25),3456,9.2,50.2,35.3
Western Australia,2019-2023,Females,3,Cerebrovascular disease (I60-I69),2391,6.3,34.7,24.4
Western Australia,2019-2023,Females,4,"Lung cancer (C33, C34)",1667,4.4,24.2,18.9
Western Australia,2019-2023,Females,5,Breast cancer (C50),1494,4,21.7,17.4
Western Australia,2019-2023,Females,6,Chronic obstructive pulmonary disease (COPD) (J40-J44),1429,3.8,20.8,15.3
Western Australia,2019-2023,Females,7,Accidental falls (W00-W19),1180,3.1,17.1,11.8
Western Australia,2019-2023,Females,8,Diabetes (E10-E14),1171,3.1,17,12.5
Western Australia,2019-2023,Females,9,"Colorectal cancer (C18-C20, C26.0)",1013,2.7,14.7,11.4
Western Australia,2019-2023,Females,10,Pancreatic cancer (C25),748,2,10.9,8.4
Western Australia,2019-2023,Females,11,Heart failure and complications and ill-defined heart disease (I50-I51),735,1.9,10.7,7.2
Western Australia,2019-2023,Females,12,Influenza and pneumonia (J09-J18),695,1.8,10.1,6.8
Western Australia,2019-2023,Females,13,Cardiac arrhythmias (I47-I49),675,1.8,9.8,6.6
Western Australia,2019-2023,Females,14,Hypertensive disease (I10-I15),556,1.5,8.1,5.4
Western Australia,2019-2023,Females,15,Kidney failure (N17-N19),521,1.4,7.6,5.2
Western Australia,2019-2023,Females,16,"Cancer of unknown or ill-defined primary site (C26, C39, C76-C80 excl. C26.0)",518,1.4,7.5,5.6
Western Australia,2019-2023,Females,17,"Coronavirus disease 2019 (COVID-19) (U07.1, U07.2, U10.9)",508,1.3,7.4,5.1
Western Australia,2019-2023,Females,18,"Suicide (X60-X84, Y87.0)",506,1.3,7.3,7.3
Western Australia,2019-2023,Females,19,Ovarian cancer (C56),502,1.3,7.3,5.9
Western Australia,2019-2023,Females,20,"Other ill-defined causes (R00-R94, R96-R99, I46.9, I95.9, I99, J96.0, J96.9, P28.5)",497,1.3,7.2,5.7
South Australia,2019-2023,Females,1,"Dementia including Alzheimer's disease (F01, F03, G30)",5227,14.7,114.4,55.8
South Australia,2019-2023,Females,2,Coronary heart disease (I20-I25),3008,8.5,65.8,34.3
South Australia,2019-2023,Females,3,Cerebrovascular disease (I60-I69),2131,6,46.6,24.6
South Australia,2019-2023,Females,4,"Lung cancer (C33, C34)",1477,4.2,32.3,20.6
South Australia,2019-2023,Females,5,Chronic obstructive pulmonary disease (COPD) (J40-J44),1419,4,31.1,17.8
South Australia,2019-2023,Females,6,Breast cancer (C50),1292,3.6,28.3,18.8
South Australia,2019-2023,Females,7,"Other ill-defined causes (R00-R94, R96-R99, I46.9, I95.9, I99, J96.0, J96.9, P28.5)",1148,3.2,25.1,14.5
South Australia,2019-2023,Females,8,Diabetes (E10-E14),1034,2.9,22.6,12.4
South Australia,2019-2023,Females,9,"Colorectal cancer (C18-C20, C26.0)",976,2.7,21.4,13.1
South Australia,2019-2023,Females,10,Accidental falls (W00-W19),885,2.5,19.4,9.9
South Australia,2019-2023,Females,11,Heart failure and complications and ill-defined heart disease (I50-I51),803,2.3,17.6,8.7
South Australia,2019-2023,Females,12,Pancreatic cancer (C25),719,2,15.7,9.8
South Australia,2019-2023,Females,13,Influenza and pneumonia (J09-J18),671,1.9,14.7,7.5
South Australia,2019-2023,Females,14,Cardiac arrhythmias (I47-I49),630,1.8,13.8,6.6
South Australia,2019-2023,Females,15,"Cancer of unknown or ill-defined primary site (C26, C39, C76-C80 excl. C26.0)",605,1.7,13.2,7.7
South Australia,2019-2023,Females,16,"Coronavirus disease 2019 (COVID-19) (U07.1, U07.2, U10.9)",578,1.6,12.7,6.5
South Australia,2019-2023,Females,17,Hypertensive disease (I10-I15),544,1.5,11.9,5.8
South Australia,2019-2023,Females,18,Kidney failure (N17-N19),529,1.5,11.6,5.8
South Australia,2019-2023,Females,19,Non-rheumatic valve disorders (I34-I38),460,1.3,10.1,5
South Australia,2019-2023,Females,20,Ovarian cancer (C56),384,1.1,8.4,5.6
Tasmania,2019-2023,Females,1,"Dementia including Alzheimer's disease (F01, F03, G30)",1276,11,89.8,48.3
Tasmania,2019-2023,Females,2,Coronary heart disease (I20-I25),1053,9.1,74.1,42.2
Tasmania,2019-2023,Females,3,Cerebrovascular disease (I60-I69),733,6.3,51.6,29.2
Tasmania,2019-2023,Females,4,Chronic obstructive pulmonary disease (COPD) (J40-J44),668,5.8,47,27.8
Tasmania,2019-2023,Females,5,"Lung cancer (C33, C34)",572,5,40.3,25.1
Tasmania,2019-2023,Females,6,Breast cancer (C50),382,3.3,26.9,17.5
Tasmania,2019-2023,Females,7,Diabetes (E10-E14),378,3.3,26.6,15.6
Tasmania,2019-2023,Females,8,"Colorectal cancer (C18-C20, C26.0)",359,3.1,25.3,15.5
Tasmania,2019-2023,Females,9,Accidental falls (W00-W19),339,2.9,23.9,12.9
Tasmania,2019-2023,Females,10,Hypertensive disease (I10-I15),280,2.4,19.7,10.4
Tasmania,2019-2023,Females,11,Heart failure and complications and ill-defined heart disease (I50-I51),231,2,16.3,9
Tasmania,2019-2023,Females,12,"Cancer of unknown or ill-defined primary site (C26, C39, C76-C80 excl. C26.0)",229,2,16.1,9.8
Tasmania,2019-2023,Females,13,Cardiac arrhythmias (I47-I49),220,1.9,15.5,8.2
Tasmania,2019-2023,Females,14,Pancreatic cancer (C25),215,1.9,15.1,9.4
Tasmania,2019-2023,Females,15,Influenza and pneumonia (J09-J18),199,1.7,14,7.5
Tasmania,2019-2023,Females,16,Diseases of the musculoskeletal system and connective tissue (M00-M99),193,1.7,13.6,7.6
Tasmania,2019-2023,Females,17,"Coronavirus disease 2019 (COVID-19) (U07.1, U07.2, U10.9)",152,1.3,10.7,6.2
Tasmania,2019-2023,Females,18,Ovarian cancer (C56),145,1.3,10.2,6.5
Tasmania,2019-2023,Females,19,Kidney failure (N17-N19),136,1.2,9.6,5.1
Tasmania,2019-2023,Females,20,Non-rheumatic valve disorders (I34-I38),135,1.2,9.5,5.2
Australian Capital Territory,2019-2023,Females,1,"Dementia including Alzheimer's disease (F01, F03, G30)",742,13.3,64.9,51.2
Australian Capital Territory,2019-2023,Females,2,Cerebrovascular disease (I60-I69),350,6.3,30.6,25.1
Australian Capital Territory,2019-2023,Females,3,Coronary heart disease (I20-I25),347,6.2,30.4,24.8
Australian Capital Territory,2019-2023,Females,4,Breast cancer (C50),242,4.3,21.2,19.1
Australian Capital Territory,2019-2023,Females,5,Chronic obstructive pulmonary disease (COPD) (J40-J44),217,3.9,19,16.2
Australian Capital Territory,2019-2023,Females,6,"Lung cancer (C33, C34)",208,3.7,18.2,16.4
Australian Capital Territory,2019-2023,Females,7,"Colorectal cancer (C18-C20, C26.0)",169,3,14.8,13
Australian Capital Territory,2019-2023,Females,8,Diabetes (E10-E14),144,2.6,12.6,10.5
Australian Capital Territory,2019-2023,Females,9,Pancreatic cancer (C25),117,2.1,10.2,8.9
Australian Capital Territory,2019-2023,Females,10,Accidental falls (W00-W19),116,2.1,10.2,8.2
Australian Capital Territory,2019-2023,Females,11,Cardiac arrhythmias (I47-I49),111,2,9.7,7.5
Australian Capital Territory,2019-2023,Females,12,"Cancer of unknown or ill-defined primary site (C26, C39, C76-C80 excl. C26.0)",105,1.9,9.2,8
Australian Capital Territory,2019-2023,Females,13,Heart failure and complications and ill-defined heart disease (I50-I51),103,1.8,9,7
Australian Capital Territory,2019-2023,Females,14,Parkinson disease (G20),96,1.7,8.4,7.1
Australian Capital Territory,2019-2023,Females,15,Diseases of the musculoskeletal system and connective tissue (M00-M99),90,1.6,7.9,6.5
Australian Capital Territory,2019-2023,Females,16,"Suicide (X60-X84, Y87.0)",83,1.5,7.3,6.9
Australian Capital Territory,2019-2023,Females,17,Hypertensive disease (I10-I15),82,1.5,7.2,5.5
Australian Capital Territory,2019-2023,Females,18,"Coronavirus disease 2019 (COVID-19) (U07.1, U07.2, U10.9)",81,1.5,7.1,5.8
Australian Capital Territory,2019-2023,Females,19,"Other ill-defined causes (R00-R94, R96-R99, I46.9, I95.9, I99, J96.0, J96.9, P28.5)",80,1.4,7,5.7
Australian Capital Territory,2019-2023,Females,20,Influenza and pneumonia (J09-J18),73,1.3,6.4,5.1
Northern Territory,2019-2023,Females,1,Diabetes (E10-E14),269,10.6,44,60.8
Northern Territory,2019-2023,Females,2,"Dementia including Alzheimer's disease (F01, F03, G30)",177,7,28.9,62.6
Northern Territory,2019-2023,Females,3,Coronary heart disease (I20-I25),171,6.7,28,41.3
Northern Territory,2019-2023,Females,4,Chronic obstructive pulmonary disease (COPD) (J40-J44),136,5.4,22.2,35.6
Northern Territory,2019-2023,Females,5,"Lung cancer (C33, C34)",132,5.2,21.6,30.1
Northern Territory,2019-2023,Females,6,Cerebrovascular disease (I60-I69),90,3.5,14.7,24
Northern Territory,2019-2023,Females,7,Breast cancer (C50),84,3.3,13.7,18.5
Northern Territory,2019-2023,Females,8,"Suicide (X60-X84, Y87.0)",77,3,12.6,12.6
Northern Territory,2019-2023,Females,9,Liver disease (K70-K76),66,2.6,10.8,11.6
Northern Territory,2019-2023,Females,10,Kidney failure (N17-N19),60,2.4,9.8,14.8
Northern Territory,2019-2023,Females,11,"Certain conditions originating in the perinatal period, congenital malformations, deformations and chromosomal abnormalities (P00-P96, Q00-Q99 excl. P28.5)",57,2.2,9.3,9
Northern Territory,2019-2023,Females,12,"Land transport accidents (V01-V89, Y85)",55,2.2,9,8.8
Northern Territory,2019-2023,Females,13,"Colorectal cancer (C18-C20, C26.0)",51,2,8.3,11.7
Northern Territory,2019-2023,Females,14,Hypertensive disease (I10-I15),47,1.9,7.7,12.3
Northern Territory,2019-2023,Females,15,Pancreatic cancer (C25),46,1.8,7.5,10.2
Northern Territory,2019-2023,Females,16,"Cancer of unknown or ill-defined primary site (C26, C39, C76-C80 excl. C26.0)",44,1.7,7.2,10.7
Northern Territory,2019-2023,Females,17,Liver cancer (C22),37,1.5,6,7.6
Northern Territory,2019-2023,Females,18,Influenza and pneumonia (J09-J18),36,1.4,5.9,8.7
Northern Territory,2019-2023,Females,19,Diseases of the musculoskeletal system and connective tissue (M00-M99),36,1.4,5.9,7.8
Northern Territory,2019-2023,Females,20,Chronic rheumatic heart disease (I05-I09),33,1.3,5.4,6.5
Other Territories,2019-2023,Females,1,"Cancer of unknown or ill-defined primary site (C26, C39, C76-C80 excl. C26.0)",4,8,34.9,
Other Territories,2019-2023,Females,2,Heart failure and complications and ill-defined heart disease (I50-I51),4,8,34.9,
Other Territories,2019-2023,Females,3,Cerebrovascular disease (I60-I69),4,8,34.9,
Other Territories,2019-2023,Females,4,"Other ill-defined causes (R00-R94, R96-R99, I46.9, I95.9, I99, J96.0, J96.9, P28.5)",4,8,34.9,
Other Territories,2019-2023,Females,5,"Colorectal cancer (C18-C20, C26.0)",3,6,26.2,
Other Territories,2019-2023,Females,6,Pancreatic cancer (C25),3,6,26.2,
Other Territories,2019-2023,Females,7,Breast cancer (C50),3,6,26.2,
Other Territories,2019-2023,Females,8,Diabetes (E10-E14),3,6,26.2,
Other Territories,2019-2023,Females,9,Coronary heart disease (I20-I25),3,6,26.2,
Other Territories,2019-2023,Females,10,"Certain conditions originating in the perinatal period, congenital malformations, deformations and chromosomal abnormalities (P00-P96, Q00-Q99 excl. P28.5)",2,4,17.5,
Other Territories,2019-2023,Females,11,"Lung cancer (C33, C34)",1,2,8.7,
Other Territories,2019-2023,Females,12,Melanoma of the skin (C43),1,2,8.7,
Other Territories,2019-2023,Females,13,Uterine cancer (C53-C55),1,2,8.7,
Other Territories,2019-2023,Females,14,Ovarian cancer (C56),1,2,8.7,
Other Territories,2019-2023,Females,15,"Dementia including Alzheimer's disease (F01, F03, G30)",1,2,8.7,
Other Territories,2019-2023,Females,16,Spinal muscular atrophy and related syndromes (G12),1,2,8.7,
Other Territories,2019-2023,Females,17,Other disorders of the nervous system (G90-G99),1,2,8.7,
Other Territories,2019-2023,Females,18,Non-rheumatic valve disorders (I34-I38),1,2,8.7,
Other Territories,2019-2023,Females,19,Cardiac arrhythmias (I47-I49),1,2,8.7,
Other Territories,2019-2023,Females,20,"Diseases of arteries, arterioles and capillaries excl. atherosclerosis, aortic aneurysm and dissection (I72-I79)",1,2,8.7,
Australia (total),2019-2023,Females,1,"Dementia including Alzheimer's disease (F01, F03, G30)",50937,12.2,78.2,47.2
Australia (total),2019-2023,Females,2,Coronary heart disease (I20-I25),34943,8.4,53.6,34.1
Australia (total),2019-2023,Females,3,Cerebrovascular disease (I60-I69),27709,6.7,42.5,27.2
Australia (total),2019-2023,Females,4,"Lung cancer (C33, C34)",18709,4.5,28.7,21.2
Australia (total),2019-2023,Females,5,Chronic obstructive pulmonary disease (COPD) (J40-J44),16901,4.1,25.9,18
Australia (total),2019-2023,Females,6,Breast cancer (C50),15834,3.8,24.3,18.5
Australia (total),2019-2023,Females,7,"Colorectal cancer (C18-C20, C26.0)",12497,3,19.2,13.7
Australia (total),2019-2023,Females,8,Diabetes (E10-E14),12483,3,19.2,12.9
Australia (total),2019-2023,Females,9,Heart failure and complications and ill-defined heart disease (I50-I51),10134,2.4,15.6,9.5
Australia (total),2019-2023,Females,10,Accidental falls (W00-W19),9233,2.2,14.2,8.8
Australia (total),2019-2023,Females,11,Pancreatic cancer (C25),8255,2,12.7,9.2
Australia (total),2019-2023,Females,12,Cardiac arrhythmias (I47-I49),7864,1.9,12.1,7.3
Australia (total),2019-2023,Females,13,"Coronavirus disease 2019 (COVID-19) (U07.1, U07.2, U10.9)",7657,1.8,11.8,7.5
Australia (total),2019-2023,Females,14,Hypertensive disease (I10-I15),7454,1.8,11.4,7
Australia (total),2019-2023,Females,15,Influenza and pneumonia (J09-J18),7376,1.8,11.3,7
Australia (total),2019-2023,Females,16,"Other ill-defined causes (R00-R94, R96-R99, I46.9, I95.9, I99, J96.0, J96.9, P28.5)",7269,1.7,11.2,7.5
Australia (total),2019-2023,Females,17,"Cancer of unknown or ill-defined primary site (C26, C39, C76-C80 excl. C26.0)",7113,1.7,10.9,7.6
Australia (total),2019-2023,Females,18,Kidney failure (N17-N19),6952,1.7,10.7,6.7
Australia (total),2019-2023,Females,19,Ovarian cancer (C56),5148,1.2,7.9,6
Australia (total),2019-2023,Females,20,Diseases of the musculoskeletal system and connective tissue (M00-M99),4857,1.2,7.5,4.9
New South Wales,2019-2023,Persons,1,Coronary heart disease (I20-I25),27661,9.6,67.9,48.5
New South Wales,2019-2023,Persons,2,"Dementia including Alzheimer's disease (F01, F03, G30)",26376,9.2,64.7,43.2
New South Wales,2019-2023,Persons,3,Cerebrovascular disease (I60-I69),16978,5.9,41.7,29.3
New South Wales,2019-2023,Persons,4,"Lung cancer (C33, C34)",14017,4.9,34.4,26.2
New South Wales,2019-2023,Persons,5,Chronic obstructive pulmonary disease (COPD) (J40-J44),12047,4.2,29.6,21.6
New South Wales,2019-2023,Persons,6,Diabetes (E10-E14),9248,3.2,22.7,16.6
New South Wales,2019-2023,Persons,7,"Colorectal cancer (C18-C20, C26.0)",8774,3.1,21.5,16.3
New South Wales,2019-2023,Persons,8,Heart failure and complications and ill-defined heart disease (I50-I51),6545,2.3,16.1,11
New South Wales,2019-2023,Persons,9,"Coronavirus disease 2019 (COVID-19) (U07.1, U07.2, U10.9)",5962,2.1,14.6,10.3
New South Wales,2019-2023,Persons,10,Prostate cancer (C61),5722,2,14,10
New South Wales,2019-2023,Persons,11,Pancreatic cancer (C25),5667,2,13.9,10.6
New South Wales,2019-2023,Persons,12,"Cancer of unknown or ill-defined primary site (C26, C39, C76-C80 excl. C26.0)",5562,1.9,13.6,10.1
New South Wales,2019-2023,Persons,13,Breast cancer (C50),5259,1.8,12.9,10.1
New South Wales,2019-2023,Persons,14,Hypertensive disease (I10-I15),5220,1.8,12.8,8.9
New South Wales,2019-2023,Persons,15,Cardiac arrhythmias (I47-I49),4692,1.6,11.5,7.8
New South Wales,2019-2023,Persons,16,"Other ill-defined causes (R00-R94, R96-R99, I46.9, I95.9, I99, J96.0, J96.9, P28.5)",4632,1.6,11.4,8.5
New South Wales,2019-2023,Persons,17,"Suicide (X60-X84, Y87.0)",4574,1.6,11.2,11
New South Wales,2019-2023,Persons,18,Kidney failure (N17-N19),4560,1.6,11.2,7.7
New South Wales,2019-2023,Persons,19,Influenza and pneumonia (J09-J18),4174,1.5,10.2,7.1
New South Wales,2019-2023,Persons,20,Liver cancer (C22),3968,1.4,9.7,7.5
Victoria,2019-2023,Persons,1,Coronary heart disease (I20-I25),21216,9.7,64,47.9
Victoria,2019-2023,Persons,2,"Dementia including Alzheimer's disease (F01, F03, G30)",18411,8.4,55.5,38.9
Victoria,2019-2023,Persons,3,Cerebrovascular disease (I60-I69),11654,5.3,35.2,25.8
Victoria,2019-2023,Persons,4,"Lung cancer (C33, C34)",10707,4.9,32.3,25.7
Victoria,2019-2023,Persons,5,Chronic obstructive pulmonary disease (COPD) (J40-J44),8241,3.8,24.9,18.9
Victoria,2019-2023,Persons,6,Accidental falls (W00-W19),7063,3.2,21.3,15.3
Victoria,2019-2023,Persons,7,"Colorectal cancer (C18-C20, C26.0)",6785,3.1,20.5,16.1
Victoria,2019-2023,Persons,8,Diabetes (E10-E14),6785,3.1,20.5,15.4
Victoria,2019-2023,Persons,9,Heart failure and complications and ill-defined heart disease (I50-I51),5954,2.7,18,12.8
Victoria,2019-2023,Persons,10,"Coronavirus disease 2019 (COVID-19) (U07.1, U07.2, U10.9)",5629,2.6,17,12.4
Victoria,2019-2023,Persons,11,Prostate cancer (C61),4677,2.1,14.1,10.6
Victoria,2019-2023,Persons,12,Kidney failure (N17-N19),4591,2.1,13.9,9.9
Victoria,2019-2023,Persons,13,Pancreatic cancer (C25),4359,2,13.2,10.4
Victoria,2019-2023,Persons,14,Breast cancer (C50),4104,1.9,12.4,10.1
Victoria,2019-2023,Persons,15,Influenza and pneumonia (J09-J18),4101,1.9,12.4,8.8
Victoria,2019-2023,Persons,16,"Other ill-defined causes (R00-R94, R96-R99, I46.9, I95.9, I99, J96.0, J96.9, P28.5)",4031,1.8,12.2,9.6
Victoria,2019-2023,Persons,17,"Suicide (X60-X84, Y87.0)",3610,1.7,10.9,10.6
Victoria,2019-2023,Persons,18,"Cancer of unknown or ill-defined primary site (C26, C39, C76-C80 excl. C26.0)",3456,1.6,10.4,8
Victoria,2019-2023,Persons,19,Cardiac arrhythmias (I47-I49),3161,1.4,9.5,6.6
Victoria,2019-2023,Persons,20,Liver cancer (C22),2839,1.3,8.6,6.9
Queensland,2019-2023,Persons,1,Coronary heart disease (I20-I25),18579,10.8,70.8,56.1
Queensland,2019-2023,Persons,2,"Dementia including Alzheimer's disease (F01, F03, G30)",15847,9.2,60.4,46.6
Queensland,2019-2023,Persons,3,Cerebrovascular disease (I60-I69),9873,5.7,37.6,29.6
Queensland,2019-2023,Persons,4,"Lung cancer (C33, C34)",9655,5.6,36.8,29.2
Queensland,2019-2023,Persons,5,Chronic obstructive pulmonary disease (COPD) (J40-J44),7438,4.3,28.3,22.3
Queensland,2019-2023,Persons,6,"Colorectal cancer (C18-C20, C26.0)",5629,3.3,21.4,17.3
Queensland,2019-2023,Persons,7,Diabetes (E10-E14),5199,3,19.8,15.8
Queensland,2019-2023,Persons,8,Prostate cancer (C61),4104,2.4,15.6,12.3
Queensland,2019-2023,Persons,9,"Suicide (X60-X84, Y87.0)",3946,2.3,15,14.9
Queensland,2019-2023,Persons,10,"Cancer of unknown or ill-defined primary site (C26, C39, C76-C80 excl. C26.0)",3318,1.9,12.6,10
Queensland,2019-2023,Persons,11,Pancreatic cancer (C25),3299,1.9,12.6,10
Queensland,2019-2023,Persons,12,Breast cancer (C50),3100,1.8,11.8,9.7
Queensland,2019-2023,Persons,13,Accidental falls (W00-W19),2532,1.5,9.6,7.6
Queensland,2019-2023,Persons,14,Liver disease (K70-K76),2492,1.4,9.5,8.1
Queensland,2019-2023,Persons,15,Heart failure and complications and ill-defined heart disease (I50-I51),2447,1.4,9.3,7.2
Queensland,2019-2023,Persons,16,Cardiac arrhythmias (I47-I49),2409,1.4,9.2,7.1
Queensland,2019-2023,Persons,17,"Coronavirus disease 2019 (COVID-19) (U07.1, U07.2, U10.9)",2404,1.4,9.2,7.2
Queensland,2019-2023,Persons,18,Influenza and pneumonia (J09-J18),2386,1.4,9.1,7.1
Queensland,2019-2023,Persons,19,Parkinson disease (G20),2365,1.4,9,7.1
Queensland,2019-2023,Persons,20,Liver cancer (C22),2221,1.3,8.5,6.8
Western Australia,2019-2023,Persons,1,Coronary heart disease (I20-I25),8811,10.9,63.9,52
Western Australia,2019-2023,Persons,2,"Dementia including Alzheimer's disease (F01, F03, G30)",7560,9.4,54.8,43.2
Western Australia,2019-2023,Persons,3,Cerebrovascular disease (I60-I69),4155,5.1,30.1,24.3
Western Australia,2019-2023,Persons,4,"Lung cancer (C33, C34)",3957,4.9,28.7,23.7
Western Australia,2019-2023,Persons,5,Chronic obstructive pulmonary disease (COPD) (J40-J44),3177,3.9,23,18.7
Western Australia,2019-2023,Persons,6,Diabetes (E10-E14),2519,3.1,18.3,15
Western Australia,2019-2023,Persons,7,Accidental falls (W00-W19),2511,3.1,18.2,14.6
Western Australia,2019-2023,Persons,8,"Colorectal cancer (C18-C20, C26.0)",2194,2.7,15.9,13.3
Western Australia,2019-2023,Persons,9,"Suicide (X60-X84, Y87.0)",1990,2.5,14.4,14.3
Western Australia,2019-2023,Persons,10,Pancreatic cancer (C25),1620,2,11.7,9.7
Western Australia,2019-2023,Persons,11,Prostate cancer (C61),1550,1.9,11.2,9.1
Western Australia,2019-2023,Persons,12,Breast cancer (C50),1512,1.9,11,9.3
Western Australia,2019-2023,Persons,13,Heart failure and complications and ill-defined heart disease (I50-I51),1336,1.7,9.7,7.7
Western Australia,2019-2023,Persons,14,Influenza and pneumonia (J09-J18),1263,1.6,9.2,7.3
Western Australia,2019-2023,Persons,15,"Cancer of unknown or ill-defined primary site (C26, C39, C76-C80 excl. C26.0)",1189,1.5,8.6,7.1
Western Australia,2019-2023,Persons,16,Accidental poisoning (X40-X49),1154,1.4,8.4,8.3
Western Australia,2019-2023,Persons,17,Liver disease (K70-K76),1100,1.4,8,7
Western Australia,2019-2023,Persons,18,Kidney failure (N17-N19),1096,1.4,7.9,6.3
Western Australia,2019-2023,Persons,19,Cardiac arrhythmias (I47-I49),1072,1.3,7.8,6.1
Western Australia,2019-2023,Persons,20,"Coronavirus disease 2019 (COVID-19) (U07.1, U07.2, U10.9)",1068,1.3,7.7,6.2
South Australia,2019-2023,Persons,1,"Dementia including Alzheimer's disease (F01, F03, G30)",8020,11,88.8,50.9
South Australia,2019-2023,Persons,2,Coronary heart disease (I20-I25),7461,10.2,82.6,51.8
South Australia,2019-2023,Persons,3,Cerebrovascular disease (I60-I69),3636,5,40.2,24.6
South Australia,2019-2023,Persons,4,"Lung cancer (C33, C34)",3511,4.8,38.9,26.4
South Australia,2019-2023,Persons,5,Chronic obstructive pulmonary disease (COPD) (J40-J44),3057,4.2,33.8,21.5
South Australia,2019-2023,Persons,6,"Other ill-defined causes (R00-R94, R96-R99, I46.9, I95.9, I99, J96.0, J96.9, P28.5)",2334,3.2,25.8,17.4
South Australia,2019-2023,Persons,7,Diabetes (E10-E14),2237,3.1,24.8,15.7
South Australia,2019-2023,Persons,8,"Colorectal cancer (C18-C20, C26.0)",2073,2.8,22.9,15.4
South Australia,2019-2023,Persons,9,Accidental falls (W00-W19),1795,2.5,19.9,11.9
South Australia,2019-2023,Persons,10,Pancreatic cancer (C25),1493,2,16.5,11.2
South Australia,2019-2023,Persons,11,Prostate cancer (C61),1467,2,16.2,10
South Australia,2019-2023,Persons,12,Heart failure and complications and ill-defined heart disease (I50-I51),1452,2,16.1,9.5
South Australia,2019-2023,Persons,13,Breast cancer (C50),1306,1.8,14.5,10.2
South Australia,2019-2023,Persons,14,"Cancer of unknown or ill-defined primary site (C26, C39, C76-C80 excl. C26.0)",1286,1.8,14.2,9.2
South Australia,2019-2023,Persons,15,Influenza and pneumonia (J09-J18),1242,1.7,13.7,8.1
South Australia,2019-2023,Persons,16,"Coronavirus disease 2019 (COVID-19) (U07.1, U07.2, U10.9)",1213,1.7,13.4,8.1
South Australia,2019-2023,Persons,17,"Suicide (X60-X84, Y87.0)",1179,1.6,13.1,12.9
South Australia,2019-2023,Persons,18,Kidney failure (N17-N19),1040,1.4,11.5,6.8
South Australia,2019-2023,Persons,19,Cardiac arrhythmias (I47-I49),1007,1.4,11.1,6.4
South Australia,2019-2023,Persons,20,Liver disease (K70-K76),967,1.3,10.7,8.4
Tasmania,2019-2023,Persons,1,Coronary heart disease (I20-I25),2696,11.2,95.7,62.1
Tasmania,2019-2023,Persons,2,"Dementia including Alzheimer's disease (F01, F03, G30)",1983,8.2,70.4,43.3
Tasmania,2019-2023,Persons,3,Chronic obstructive pulmonary disease (COPD) (J40-J44),1347,5.6,47.8,30.4
Tasmania,2019-2023,Persons,4,Cerebrovascular disease (I60-I69),1338,5.6,47.5,30.4
Tasmania,2019-2023,Persons,5,"Lung cancer (C33, C34)",1260,5.2,44.7,29.4
Tasmania,2019-2023,Persons,6,Diabetes (E10-E14),858,3.6,30.5,19.6
Tasmania,2019-2023,Persons,7,"Colorectal cancer (C18-C20, C26.0)",732,3,26,17.5
Tasmania,2019-2023,Persons,8,Accidental falls (W00-W19),627,2.6,22.3,13.9
Tasmania,2019-2023,Persons,9,Prostate cancer (C61),516,2.1,18.3,11.4
Tasmania,2019-2023,Persons,10,Pancreatic cancer (C25),481,2,17.1,11.2
Tasmania,2019-2023,Persons,11,"Suicide (X60-X84, Y87.0)",451,1.9,16,15.3
Tasmania,2019-2023,Persons,12,"Cancer of unknown or ill-defined primary site (C26, C39, C76-C80 excl. C26.0)",446,1.9,15.8,10.2
Tasmania,2019-2023,Persons,13,Hypertensive disease (I10-I15),442,1.8,15.7,9.7
Tasmania,2019-2023,Persons,14,Breast cancer (C50),391,1.6,13.9,9.5
Tasmania,2019-2023,Persons,15,Heart failure and complications and ill-defined heart disease (I50-I51),376,1.6,13.3,8.4
Tasmania,2019-2023,Persons,16,Cardiac arrhythmias (I47-I49),372,1.5,13.2,8.1
Tasmania,2019-2023,Persons,17,Liver disease (K70-K76),340,1.4,12.1,9.1
Tasmania,2019-2023,Persons,18,Influenza and pneumonia (J09-J18),337,1.4,12,7.4
Tasmania,2019-2023,Persons,19,"Coronavirus disease 2019 (COVID-19) (U07.1, U07.2, U10.9)",334,1.4,11.9,7.7
Tasmania,2019-2023,Persons,20,Diseases of the musculoskeletal system and connective tissue (M00-M99),300,1.2,10.7,6.7
Australian Capital Territory,2019-2023,Persons,1,"Dementia including Alzheimer's disease (F01, F03, G30)",1159,10.2,51.4,47.4
Australian Capital Territory,2019-2023,Persons,2,Coronary heart disease (I20-I25),954,8.4,42.3,40
Australian Capital Territory,2019-2023,Persons,3,Cerebrovascular disease (I60-I69),598,5.3,26.5,24.8
Australian Capital Territory,2019-2023,Persons,4,"Lung cancer (C33, C34)",461,4.1,20.4,19.7
Australian Capital Territory,2019-2023,Persons,5,Chronic obstructive pulmonary disease (COPD) (J40-J44),449,3.9,19.9,18.8
Australian Capital Territory,2019-2023,Persons,6,"Colorectal cancer (C18-C20, C26.0)",334,2.9,14.8,14.3
Australian Capital Territory,2019-2023,Persons,7,Diabetes (E10-E14),324,2.8,14.4,13.6
Australian Capital Territory,2019-2023,Persons,8,"Suicide (X60-X84, Y87.0)",268,2.4,11.9,11.6
Australian Capital Territory,2019-2023,Persons,9,Accidental falls (W00-W19),243,2.1,10.8,10
Australian Capital Territory,2019-2023,Persons,10,Breast cancer (C50),242,2.1,10.7,10.3
Australian Capital Territory,2019-2023,Persons,11,Prostate cancer (C61),236,2.1,10.5,9.9
Australian Capital Territory,2019-2023,Persons,12,Pancreatic cancer (C25),233,2,10.3,9.9
Australian Capital Territory,2019-2023,Persons,13,Parkinson disease (G20),230,2,10.2,9.9
Australian Capital Territory,2019-2023,Persons,14,"Coronavirus disease 2019 (COVID-19) (U07.1, U07.2, U10.9)",209,1.8,9.3,8.7
Australian Capital Territory,2019-2023,Persons,15,"Cancer of unknown or ill-defined primary site (C26, C39, C76-C80 excl. C26.0)",202,1.8,9,8.6
Australian Capital Territory,2019-2023,Persons,16,Cardiac arrhythmias (I47-I49),197,1.7,8.7,8
Australian Capital Territory,2019-2023,Persons,17,Heart failure and complications and ill-defined heart disease (I50-I51),180,1.6,8,7.3
Australian Capital Territory,2019-2023,Persons,18,Liver disease (K70-K76),167,1.5,7.4,7.3
Australian Capital Territory,2019-2023,Persons,19,"Other ill-defined causes (R00-R94, R96-R99, I46.9, I95.9, I99, J96.0, J96.9, P28.5)",144,1.3,6.4,6
Australian Capital Territory,2019-2023,Persons,20,Influenza and pneumonia (J09-J18),141,1.2,6.2,5.8
Northern Territory,2019-2023,Persons,1,Coronary heart disease (I20-I25),595,9.8,47.8,67.5
Northern Territory,2019-2023,Persons,2,Diabetes (E10-E14),460,7.6,37,51.9
Northern Territory,2019-2023,Persons,3,"Lung cancer (C33, C34)",360,5.9,28.9,40.2
Northern Territory,2019-2023,Persons,4,Chronic obstructive pulmonary disease (COPD) (J40-J44),343,5.6,27.6,43.3
Northern Territory,2019-2023,Persons,5,"Dementia including Alzheimer's disease (F01, F03, G30)",306,5,24.6,57.5
Northern Territory,2019-2023,Persons,6,"Suicide (X60-X84, Y87.0)",241,4,19.4,19.5
Northern Territory,2019-2023,Persons,7,Cerebrovascular disease (I60-I69),197,3.2,15.8,27.1
Northern Territory,2019-2023,Persons,8,"Land transport accidents (V01-V89, Y85)",184,3,14.8,14.1
Northern Territory,2019-2023,Persons,9,"Certain conditions originating in the perinatal period, congenital malformations, deformations and chromosomal abnormalities (P00-P96, Q00-Q99 excl. P28.5)",145,2.4,11.6,11.2
Northern Territory,2019-2023,Persons,10,Liver disease (K70-K76),130,2.1,10.4,11.4
Northern Territory,2019-2023,Persons,11,"Colorectal cancer (C18-C20, C26.0)",125,2.1,10,14.6
Northern Territory,2019-2023,Persons,12,Liver cancer (C22),119,2,9.6,12.1
Northern Territory,2019-2023,Persons,13,Pancreatic cancer (C25),117,1.9,9.4,12.9
Northern Territory,2019-2023,Persons,14,"Cancer of unknown or ill-defined primary site (C26, C39, C76-C80 excl. C26.0)",113,1.9,9.1,13.5
Northern Territory,2019-2023,Persons,15,Kidney failure (N17-N19),109,1.8,8.8,13.7
Northern Territory,2019-2023,Persons,16,Hypertensive disease (I10-I15),88,1.4,7.1,11.3
Northern Territory,2019-2023,Persons,17,"Malignant neoplasms of lip, oral cavity and pharynx (C00-C14)",85,1.4,6.8,8.7
Northern Territory,2019-2023,Persons,18,Breast cancer (C50),84,1.4,6.7,9.3
Northern Territory,2019-2023,Persons,19,Influenza and pneumonia (J09-J18),79,1.3,6.3,9.6
Northern Territory,2019-2023,Persons,20,Prostate cancer (C61),76,1.2,6.1,11.4
Other Territories,2019-2023,Persons,1,Coronary heart disease (I20-I25),16,12.9,65.8,
Other Territories,2019-2023,Persons,2,Prostate cancer (C61),8,6.5,32.9,
Other Territories,2019-2023,Persons,3,"Lung cancer (C33, C34)",7,5.6,28.8,
Other Territories,2019-2023,Persons,4,Heart failure and complications and ill-defined heart disease (I50-I51),7,5.6,28.8,
Other Territories,2019-2023,Persons,5,"Cancer of unknown or ill-defined primary site (C26, C39, C76-C80 excl. C26.0)",6,4.8,24.7,
Other Territories,2019-2023,Persons,6,Diabetes (E10-E14),6,4.8,24.7,
Other Territories,2019-2023,Persons,7,Cerebrovascular disease (I60-I69),6,4.8,24.7,
Other Territories,2019-2023,Persons,8,Kidney failure (N17-N19),6,4.8,24.7,
Other Territories,2019-2023,Persons,9,"Colorectal cancer (C18-C20, C26.0)",4,3.2,16.4,
Other Territories,2019-2023,Persons,10,"Dementia including Alzheimer's disease (F01, F03, G30)",4,3.2,16.4,
Other Territories,2019-2023,Persons,11,"Other ill-defined causes (R00-R94, R96-R99, I46.9, I95.9, I99, J96.0, J96.9, P28.5)",4,3.2,16.4,
Other Territories,2019-2023,Persons,12,Pancreatic cancer (C25),3,2.4,12.3,
Other Territories,2019-2023,Persons,13,Breast cancer (C50),3,2.4,12.3,
Other Territories,2019-2023,Persons,14,Cardiac arrhythmias (I47-I49),3,2.4,12.3,
Other Territories,2019-2023,Persons,15,"Certain conditions originating in the perinatal period, congenital malformations, deformations and chromosomal abnormalities (P00-P96, Q00-Q99 excl. P28.5)",3,2.4,12.3,
Other Territories,2019-2023,Persons,16,Melanoma of the skin (C43),2,1.6,8.2,
Other Territories,2019-2023,Persons,17,Malignant neoplasms of mesothelial and soft tissue (C45-C49),2,1.6,8.2,
Other Territories,2019-2023,Persons,18,Hypertensive disease (I10-I15),2,1.6,8.2,
Other Territories,2019-2023,Persons,19,"Coronavirus disease 2019 (COVID-19) (U07.1, U07.2, U10.9)",2,1.6,8.2,
Other Territories,2019-2023,Persons,20,Septicaemia (A40-A41),1,0.8,4.1,
Australia (total),2019-2023,Persons,1,Coronary heart disease (I20-I25),87989,10.1,68,50.9
Australia (total),2019-2023,Persons,2,"Dementia including Alzheimer's disease (F01, F03, G30)",79666,9.1,61.6,43.5
Australia (total),2019-2023,Persons,3,Cerebrovascular disease (I60-I69),48435,5.5,37.4,27.5
Australia (total),2019-2023,Persons,4,"Lung cancer (C33, C34)",43935,5,34,26.5
Australia (total),2019-2023,Persons,5,Chronic obstructive pulmonary disease (COPD) (J40-J44),36100,4.1,27.9,21.1
Australia (total),2019-2023,Persons,6,Diabetes (E10-E14),27636,3.2,21.4,16.2
Australia (total),2019-2023,Persons,7,"Colorectal cancer (C18-C20, C26.0)",26650,3.1,20.6,16.1
Australia (total),2019-2023,Persons,8,Accidental falls (W00-W19),18737,2.1,14.5,10.5
Australia (total),2019-2023,Persons,9,Prostate cancer (C61),18356,2.1,14.2,10.5
Australia (total),2019-2023,Persons,10,Heart failure and complications and ill-defined heart disease (I50-I51),18343,2.1,14.2,10.2
Australia (total),2019-2023,Persons,11,Pancreatic cancer (C25),17272,2,13.4,10.4
Australia (total),2019-2023,Persons,12,"Coronavirus disease 2019 (COVID-19) (U07.1, U07.2, U10.9)",16887,1.9,13.1,9.6
Australia (total),2019-2023,Persons,13,"Suicide (X60-X84, Y87.0)",16260,1.9,12.6,12.4
Australia (total),2019-2023,Persons,14,Breast cancer (C50),16001,1.8,12.4,9.9
Australia (total),2019-2023,Persons,15,"Cancer of unknown or ill-defined primary site (C26, C39, C76-C80 excl. C26.0)",15578,1.8,12,9.2
Australia (total),2019-2023,Persons,16,"Other ill-defined causes (R00-R94, R96-R99, I46.9, I95.9, I99, J96.0, J96.9, P28.5)",13960,1.6,10.8,8.4
Australia (total),2019-2023,Persons,17,Influenza and pneumonia (J09-J18),13724,1.6,10.6,7.6
Australia (total),2019-2023,Persons,18,Kidney failure (N17-N19),13571,1.6,10.5,7.6
Australia (total),2019-2023,Persons,19,Cardiac arrhythmias (I47-I49),12949,1.5,10,7.1
Australia (total),2019-2023,Persons,20,Hypertensive disease (I10-I15),12096,1.4,9.4,6.7
